{
  "results": [
    {
      "command": "vlmctx cat '/Users/sudeep/data/1-demo/5-classify-take-document.pdf' -l 1 --json",
      "mean": 0.06708822652454545,
      "stddev": 0.0019952112002098003,
      "median": 0.06720135982,
      "user": 0.057910472727272726,
      "system": 0.007734025454545454,
      "min": 0.06341073532,
      "max": 0.07192569332,
      "times": [
        0.06593748532,
        0.06600802732,
        0.06605440132,
        0.06473136032,
        0.06904481831999999,
        0.07192569332,
        0.06933352732,
        0.06867044332,
        0.06913769332,
        0.06562844332,
        0.06489656832,
        0.06754186032,
        0.06841231832,
        0.06655940132,
        0.06576569332,
        0.06528744332,
        0.06835219332,
        0.06788069332,
        0.06497186031999999,
        0.06452256832,
        0.06729206832,
        0.06728611032,
        0.07137515132,
        0.06771052731999999,
        0.06885194332,
        0.06911444332,
        0.06711573532,
        0.06860131832,
        0.06574086032,
        0.06341073532,
        0.06466494332,
        0.06549344332,
        0.06529881832,
        0.06511640132,
        0.06518519332,
        0.06533519332,
        0.06751161032,
        0.07140181832,
        0.06910752632,
        0.06855756832,
        0.06759644332,
        0.06711660931999999,
        0.06499131831999999,
        0.06734369332
      ],
      "memory_usage_byte": [
        34619392,
        34619392,
        34619392,
        35012608,
        35012608,
        35422208,
        35422208,
        35422208,
        35422208,
        35422208,
        35422208,
        35422208,
        35422208,
        35422208,
        35422208,
        35422208,
        35766272,
        35766272,
        35766272,
        35766272,
        35766272,
        35766272,
        35766272,
        35766272,
        35766272,
        35766272,
        35766272,
        35766272,
        35766272,
        35766272,
        35766272,
        35766272,
        35766272,
        35766272,
        35766272,
        35766272,
        35766272,
        36159488,
        36159488,
        36159488,
        36159488,
        36159488,
        36159488,
        36159488
      ],
      "exit_codes": [
        0,
        0,
        0,
        0,
        0,
        0,
        0,
        0,
        0,
        0,
        0,
        0,
        0,
        0,
        0,
        0,
        0,
        0,
        0,
        0,
        0,
        0,
        0,
        0,
        0,
        0,
        0,
        0,
        0,
        0,
        0,
        0,
        0,
        0,
        0,
        0,
        0,
        0,
        0,
        0,
        0,
        0,
        0,
        0
      ]
    }
  ]
}
