{
  "results": [
    {
      "command": "vlmctx cat '/Users/sudeep/data/1-demo/transcription_how_new_technology_creates_new_businesses.mp4' -l 2 --mode fast --json",
      "mean": 2.18723562476,
      "stddev": 0.003851934492028841,
      "median": 2.18723562476,
      "user": 4.08560574,
      "system": 1.02047106,
      "min": 2.18451189576,
      "max": 2.18995935376,
      "times": [
        2.18995935376,
        2.18451189576
      ],
      "memory_usage_byte": [
        112246784,
        112345088
      ],
      "exit_codes": [
        0,
        0
      ]
    },
    {
      "command": "vlmctx cat '/Users/sudeep/data/1-demo/transcription_how_new_technology_creates_new_businesses.mp4' -l 2 --mode accurate --json",
      "mean": 4.59851802076,
      "stddev": 0.03607199178206044,
      "median": 4.59851802076,
      "user": 25.84451724,
      "system": 6.80630556,
      "min": 4.5730112707599995,
      "max": 4.62402477076,
      "times": [
        4.5730112707599995,
        4.62402477076
      ],
      "memory_usage_byte": [
        112345088,
        112345088
      ],
      "exit_codes": [
        0,
        0
      ]
    }
  ]
}
