{
  "results": [
    {
      "command": "vlmctx cat '/Users/sudeep/data/1-demo/image-ocr.jpg' -l 2 --mode fast --json",
      "mean": 1.6999484190466667,
      "stddev": 0.10968676583809835,
      "median": 1.64556632138,
      "user": 0.3467854666666666,
      "system": 0.05658295333333333,
      "min": 1.62807823838,
      "max": 1.82620069738,
      "times": [
        1.82620069738,
        1.64556632138,
        1.62807823838
      ],
      "memory_usage_byte": [
        73940992,
        73940992,
        73940992
      ],
      "exit_codes": [
        0,
        0,
        0
      ]
    },
    {
      "command": "vlmctx cat '/Users/sudeep/data/1-demo/image-ocr.jpg' -l 2 --mode accurate --json",
      "mean": 1.7117062520466668,
      "stddev": 0.05700342029011792,
      "median": 1.6830682803800001,
      "user": 0.3384911333333333,
      "system": 0.05400728666666666,
      "min": 1.6746999043800002,
      "max": 1.7773505713800002,
      "times": [
        1.6746999043800002,
        1.6830682803800001,
        1.7773505713800002
      ],
      "memory_usage_byte": [
        73940992,
        73940992,
        73940992
      ],
      "exit_codes": [
        0,
        0,
        0
      ]
    }
  ]
}
